{"products":[{"id":"0.41518064451294734","qty":3}],"totalPrice":141.98000000000002}